{"cameraMode":{"drawMode":0,"name":"Shaded","section":"Shading Mode"},"sceneLighting":true,"audioPlay":false,"sceneViewState":{"showFog":true,"showMaterialUpdate":false,"showSkybox":true,"showFlares":true,"showImageEffects":true,"showParticleSystems":true},"in2DMode":false,"pivot":{"x":-87.31868743896485,"y":-184.41275024414063,"z":189.3013916015625},"rotation":{"x":0.35039016604423525,"y":-0.2033352255821228,"z":0.07821401208639145,"w":0.9109176993370056},"size":302.7324523925781,"orthographic":false}